cx,cy,capitalization,earnings,taxes,x,y,sector,name,alias,symbol
692.1,-14.2,12565,1897,1218,690,-3.9,tech,Actavis,Inc.,ACT
224.8,-72.6,13463,4402,870,234.4,-21.4,tech,Analog Devices,Inc.,ADI
437.5,-43.9,31167,11245,4175,427,-2.8,tech,Automatic Data Processing,Inc.,ADP
147.7,-24.9,8583,1809,263,157.9,13.4,tech,Autodesk,Inc.,ADSK
23.8,-10.8,23915,11736,243,24.2,0.7,tech,American Electric Power Co.,Inc.,AEP
747.2,28.8,59187,-82917,8171,749.7,0.4,tech,American International Group,Inc.,AIG
146.3,-7.7,6155,1531,203,147.2,11.4,tech,Akamai Technologies,Inc.,AKAM
55.5,-4.4,19166,767,41,61.2,0,tech,Alexion Pharmaceuticals,Inc.,ALXN
342.2,-68.4,16057,7443,2172,336.2,5.4,tech,Applied Materials,Inc.,AMAT
740.3,-32,1850,-4934,81,745.5,-0.4,tech,Advanced Micro Devices,Inc.,AMD
199.1,35.6,14662,5659,986,200.3,0,tech,Ameriprise Financial,Inc.,AMP
184.2,52.8,7355,2270,374,188.9,-1.4,tech,Airgas,Inc.,ARG
384.6,56.6,14265,6915,2182,368.5,12.9,tech,AutoZone,Inc.,AZO
435.5,-8.2,8795,11764,4396,427.6,-5,tech,Best Buy Co.,Inc.,BBY
276.2,-6.4,18516,8911,2166,279.1,0.6,tech,Becton,Dickinson and Company,BDX
407.8,-17.1,9808,2511,879,401.4,4.7,tech,Beam,Inc.,BEAM
342.9,66.7,42698,13734,4044,338.5,14.8,tech,BlackRock,Inc.,BLK
344.8,49.3,4156,1697,505,344.2,5.3,tech,Bemis Company,Inc.,BMS
750.1,2.8,132501,-23764,19716,750.6,-6,tech,Citigroup,Inc.,C
456.6,-20.4,14421,5206,2074,458.7,2.8,tech,ConAgra Foods,Inc.,CAG
359.3,-24.3,14579,8109,2555,362.7,6.3,tech,Cardinal Health,Inc.,CAH
677.1,-8.4,8030,757,863,686.3,-1,tech,CBRE Group,Inc.,CBG
362.6,6.7,11498,8790,2666,348.7,0,tech,CF Industries Holdings,Inc.,CF
353,-4.4,10444,1542,447,341.3,0.5,tech,Chipotle Mexican Grill,Inc.,CMG
39.6,-5.1,10315,4495,160,40.6,8.3,tech,CenterPoint Energy,Inc.,CNP
379.3,8.6,14039,7177,2338,374.6,17.4,tech,Coach,Inc.,COH
185.4,-15.6,24436,358,61,197,18.9,tech,salesforce.com,inc,CRM
232.6,-49.5,109679,54808,11582,244.6,17.5,tech,Cisco Systems,Inc.,CSCO
192.8,2.6,22630,5724,1033,207.7,0,tech,CenturyLink,Inc.,CTL
116.7,3.1,12699,1816,190,120.9,3.6,tech,Citrix Systems,Inc.,CTXS
427.3,-51.8,34641,16894,6147,418.2,0,tech,Dominion Resources,Inc.,D
353.2,5.2,28071,5829,1806,352.2,2.3,tech,Discovery Communications,Inc.,DISC.A
424.5,-14.9,10563,2899,1051,416.8,-2.7,tech,Dollar Tree,Inc.,DLTR
305.9,59.3,9580,8392,2219,304,0,tech,Diamond Offshore Drilling,Inc.,DO
452.1,-27.5,9521,4042,1577,446.7,-5.5,tech,Dr Pepper Snapple Group,Inc.,DPS
206.8,22.1,6478,3387,605,208.2,-0.3,tech,Darden Restaurants,Inc.,DRI
120.4,21.8,34502,9848,1144,133.3,-5.6,tech,EOG Resources,Inc.,EOG
349.7,-70.7,5719,1408,428,346.5,-8.9,tech,F5 Networks,Inc.,FFIV
500.5,-33.9,11532,2867,1230,493.3,-1.9,tech,Fidelity National Information Services,Inc.,FIS
438.6,-33.6,11436,4513,1677,427.3,7.6,tech,Fiserv,Inc.,FISV
363.2,-51.6,3709,1782,551,356.1,11.5,tech,FLIR Systems,Inc.,FLIR
309.8,-12.4,5574,1936,529,310.8,-32.7,tech,Fossil,Inc.,FOSL
146.7,-19.5,2357,1975,273,152.4,11.1,tech,First Solar,Inc.,FSLR
270.3,66.7,12534,3112,732,269.6,0,tech,FMC Technologies,Inc.,FTI
756.3,-11.1,4801,-3076,1450,746,0.4,tech,Gannett Co.,Inc.,GCI
281.7,-17.1,31395,12808,3171,287.3,-29.4,tech,General Mills,Inc.,GIS
481.6,33.5,17146,9472,3762,459.5,14.2,tech,The Gap,Inc.,GPS
369.6,17.9,69111,70037,22170,365.1,0.9,tech,The Goldman Sachs Group,Inc.,GS
402.2,-53.9,15643,5186,1803,399.1,-4.2,tech,W.W. Grainger,Inc.,GWW
696.6,-9.2,2906,433,313,690.1,-2.4,tech,Harman International Industries,Incorporated,HAR
680.8,-3.2,4210,2140,1391,689.7,-6.4,tech,Hudson City Bancorp,Inc.,HCBK
16,7.3,18343,729,7,11,-4.9,tech,Health Care REIT,Inc.,HCN
9.7,15.9,23427,2139,14,7.5,5.1,tech,HCP,Inc.,HCP
477.9,14.7,105799,34035,13766,465.9,-0.3,tech,The Home Depot,Inc.,HD
759.4,25.8,11382,-261,462,750.4,-12.1,tech,The Hartford Financial Services Group,Inc.,HIG
378.6,-10.5,11532,4837,1556,370.3,10,tech,Harley-Davidson,Inc.,HOG
167.1,68.5,6536,3999,597,172.6,5.8,tech,Helmerich & Payne,Inc.,HP
278.4,2.1,7715,4129,988,272,-13.1,tech,H&R Block,Inc.,HRB
346.2,43,11349,3485,1019,345.2,5.7,tech,IntercontinentalExchange,Inc.,ICE
201.4,24.5,5526,2823,535,218.1,0,tech,The Interpublic Group of Companies,Inc.,IPG
250.9,-0.9,19950,3144,704,258.9,1.8,tech,Intuitive Surgical,Inc.,ISRG
393.2,36.3,3488,5180,1731,388.9,9.9,tech,J. C. Penney Company,Inc.,JCP
204.4,-49.4,9083,3193,618,215.3,2.5,tech,Juniper Networks,Inc.,JNPR
250.5,-33.1,6036,4339,918,240.4,2.2,tech,Joy Global,Inc.,JOY
681.6,6.6,39480,584,1664,686.9,-9.5,tech,Kinder Morgan,Inc.,KMI
358.3,12.5,4745,1304,403,352.4,11.2,tech,Leggett & Platt,Incorporated,LEG
437.7,-16.2,15598,9469,3563,432,-3.1,tech,Lorillard,Inc.,LO
399.4,33.3,13513,5780,1978,395.6,11.9,tech,L Brands,Inc.,LTD
693.5,6.6,17221,1623,1860,690.1,-1.8,tech,Macy's,Inc.,M
269.3,14,12948,3169,776,277,12.9,tech,Marriott International,Inc.,MAR
223.1,28.5,14805,4614,905,225.6,-2.1,tech,Mattel,Inc.,MAT
612.3,2.1,53767,14234,7576,612.5,1.4,tech,Mondelez International,Inc.,MDLZ
216.5,18.4,47020,20448,4038,226.8,0,tech,Medtronic,Inc.,MDT
211.2,75.3,39913,20831,3759,208.2,6.8,tech,MetLife,Inc.,MET
419.6,-2,14632,7190,2623,419.6,0,tech,The McGraw-Hill Companies,Inc.,MHP
273,7.3,9375,2664,612,259.7,-7.6,tech,McCormick & Company,Incorporated,MKC
413.5,57.4,20532,5770,2037,406,0,tech,Marsh & McLennan Companies,Inc.,MMC
685.8,-20.9,17202,1877,1499,689.1,5.6,tech,Motorola Solutions,Inc.,MSI
683.7,-12.3,11222,854,1276,689.8,4.4,tech,Mylan,Inc.,MYL
248.4,88.9,20649,5871,1268,248.5,0,tech,Noble Energy,Inc.,NBL
405.7,-0.3,4805,3345,1103,382,-0.1,tech,The Nasdaq OMX Group,Inc.,NDAQ
3.6,-15.3,33946,13255,61,4.4,-2.5,tech,NextEra Energy,Inc.,NEE
290.2,56.1,9130,1092,279,293.9,0,tech,Netflix,Inc.,NFLX
425.6,7.2,28939,16022,5961,429.4,-17.1,tech,National Oilwell Varco,Inc.,NOV
46.1,-9.1,8649,4727,178,46.6,3.6,tech,NRG Energy,Inc.,NRG
70.8,-16.5,12229,2704,177,75.1,0,tech,NetApp,Inc.,NTAP
361.5,27.8,9121,2333,734,352.9,4.2,tech,NYSE Euronext,Inc.,NYX
645.3,0.2,4207,1515,850,645.4,0,tech,Owens-Illinois,Inc.,OI
380,-67.7,12758,4792,1571,376.7,0,tech,Paychex,Inc.,PAYX
11.8,0.8,4115,2166,20,10.6,0,tech,MetroPCS Communications,Inc.,PCS
403.8,-46.6,3961,2031,692,394.3,-9.4,tech,Patterson Companies,Inc.,PDCO
239.2,25.4,124140,48137,10259,244.1,0.7,tech,Pepsico,Inc.,PEP
415.4,11.4,6512,2161,765,408.3,1.3,tech,PetSmart,Inc.,PETM
740.7,-9.9,7644,-7516,-1641,740.3,3.2,tech,PulteGroup,Inc.,PHM
735,16.7,18518,-1632,443,746.6,15.5,tech,Prologis,Inc.,PLD
321.7,-1.4,155089,63907,17264,315.2,-17.1,tech,Philip Morris International,Inc.,PM
139.6,33.6,34914,18316,2235,140.1,0,tech,The PNC Financial Services Group,Inc.,PNC
31.8,-7.5,5445,1564,50,33.7,7.3,tech,Pepco Holdings,Inc.,POM
233.7,80,26071,16352,3255,228.8,0,tech,Prudential Financial,Inc.,PRU
343.6,-27.8,5967,1543,448,335.8,-3.6,tech,Quanta Services,Inc.,PWR
21.5,13.3,5534,2876,49,19.3,0,tech,QEP Resources,Inc.,QEP
68.2,-10.3,3071,1724,107,69.2,0,tech,Ryder System,Inc.,R
61.3,-11.1,9266,819,42,59.2,0,tech,Red Hat,Inc.,RHT
431.3,-29.6,11781,4100,1500,425.8,-1.8,tech,Republic Services,Inc.,RSG
506.9,-31,4736,3725,1604,495.5,4.7,tech,SAIC,Inc.,SAI
389.6,-26.4,9925,3915,1275,379.2,-14.4,tech,Scripps Networks Interactive,Inc.,SNI
361.6,34.2,8929,8256,2496,345.3,-19.3,tech,Staples,Inc.,SPLS
254.4,-56.3,9050,1830,413,255.1,-10.1,tech,Stericycle,Inc.,SRCL
369,31.5,15330,4069,1257,356.7,11.6,tech,SunTrust Banks,Inc.,STI
373.7,-52.3,12567,2350,743,364,9.4,tech,Stanley Black & Decker,Inc.,SWK
302.6,-37.4,206594,67738,17819,302.5,0,tech,AT&T,Inc.,T
11.4,-10.3,3965,2199,22,12.8,1.5,tech,TECO Energy,Inc.,TE
131.2,-13.1,4661,1652,188,127.4,-0.3,tech,Integrys Energy Group,Inc.,TEG
378.8,36.9,34603,10502,3487,380.2,-6.7,tech,The TJX Companies,Inc.,TJX
336,-14.2,28016,6359,1752,319.2,6.1,tech,Thermo Fisher Scientific,Inc.,TMO
405,-8.3,19197,6318,2169,394.8,0,tech,T. Rowe Price Group,Inc.,TROW
202.5,65,32024,23467,4253,209.4,-6.5,tech,The Travelers Companies,Inc.,TRV
411.6,-3.2,8427,3225,1151,409.8,5.3,tech,Tyson Foods,Inc.,TSN
409.6,-52.5,4510,2116,742,403.5,4.3,tech,Total System Services,Inc.,TSS
414.9,-41.3,78736,20559,7381,412.3,1.2,tech,United Parcel Service,Inc.,UPS
284.1,-35.8,7714,2964,762,295.9,-1.3,tech,Varian Medical Systems,Inc.,VAR
389.6,-16.1,32442,16022,5364,385.2,-6,tech,Viacom,Inc.,VIAB
144.7,-14.1,7041,707,92,142.6,6.6,tech,VeriSign,Inc.,VRSN
428.5,-3.3,15520,2478,928,429.6,3.2,tech,Whole Foods Market,Inc.,WFM
345.1,-43.1,18052,9473,2704,329.2,1.2,tech,Waste Management,Inc.,WM
170.5,60,25392,6970,1087,179.6,-0.1,tech,Williams Companies,Inc.,WMB
417.2,4.8,3405,107,39,418.1,-14,tech,WPX Energy,Inc.,WPX
249,10.1,30290,9276,1955,241.8,-17.2,tech,Yum! Brands,Inc.,YUM
326.5,-18.3,12421,6081,1652,309.4,3.2,tech,Zimmer Holdings,Inc.,ZMH
321,-54.1,73048,33992,9379,315,-0.7,tech,3M Company,,MMM
201.4,13.6,57408,34694,6317,209.4,0,tech,Abbott Laboratories,,ABT
431.4,-14.3,3867,2551,960,430,-10.8,tech,Abercrombie & Fitch Co.,,ANF
301.3,-70.9,49763,18735,5025,305.5,8.1,tech,Accenture plc,,ACN
189.9,66.7,30619,16453,2834,197.7,-1.4,tech,ACE Limited,,ACE
197.1,-57.9,21980,5824,1035,210.1,-20.5,tech,Adobe Systems Inc.,,ADBE
351.9,-28.9,17797,15139,4637,351.8,0.3,tech,Aetna Inc.,,AET
302.8,69,23183,17461,4441,292.7,-5.4,tech,AFLAC Inc.,,AFL
142.9,11.4,14463,4259,565,153.5,-6.6,tech,Agilent Technologies Inc.,,A
118.5,-22.5,5019,2272,228,116.1,0,tech,AGL Resources Inc.,,GAS
176.3,50.9,17783,7775,1217,180,0,tech,Air Products & Chemicals Inc.,,APD
535.5,7.4,8972,6031,2812,536.3,0,tech,Alcoa Inc.,,AA
201.5,30.2,3214,2796,489,201.4,0,tech,Allegheny Technologies Inc.,,ATI
448.5,-37.1,33550,5279,2049,446.4,0,tech,Allergan Inc.,,AGN
41.3,2.6,10627,3371,132,44.4,0,tech,Altera Corp.,,ALTR
502.4,10.9,70631,32126,13771,492.2,0.3,tech,Altria Group Inc.,,MO
69.8,12.2,117706,5522,345,72,0,tech,Amazon.com Inc.,,AMZN
107.7,-22.1,8512,2571,246,109.4,0,tech,Ameren Corporation,,AEE
280.9,75.1,72290,31487,7600,279.2,11.8,tech,American Express Company,,AXP
87.3,16.1,31253,2711,206,86.8,2.9,tech,American Tower Corporation,,AMT
289.8,-23.5,12191,5633,1484,301,4.5,tech,AmerisourceBergen Corporation,,ABC
185.6,39.8,78660,28488,4506,182.2,8.5,tech,Amgen Inc.,,AMGN
247.2,-53.6,11664,3710,810,258,10,tech,Amphenol Corporation,,APH
318.1,78.1,43985,13368,3765,323.1,-5.7,tech,Anadarko Petroleum Corporation,,APC
268.8,82.7,18735,6675,1580,272.4,0,tech,Aon plc,,AON
406.4,14.3,29247,24107,8625,407.9,-13.6,tech,Apache Corp.,,APA
750.2,17.9,4625,-797,26,750.3,22.5,tech,Apartment Investment & Management Co.,,AIV
513.4,8,1875,5139,2281,512.2,3.3,tech,Apollo Group Inc.,,APOL
151.8,-48.7,400236,134527,18844,159.1,-10.9,tech,Apple Inc.,,AAPL
316,16.3,21951,15613,4260,310.6,7,tech,Archer Daniels Midland Company,,ADM
491.3,29.2,3614,4354,1844,487.1,0,tech,Assurant Inc.,,AIZ
704.6,3.9,5119,760,646,689.7,6.1,tech,AutoNation Inc.,,AN
679,-17.4,4251,447,493,690.3,6,tech,Avery Dennison Corporation,,AVY
546.2,2.8,8906,4839,2304,547.6,0,tech,Avon Products Inc.,,AVP
507,28.9,19776,10790,4712,502.2,0,tech,Baker Hughes Incorporated,,BHI
285,29.2,7038,3374,827,280,-9.7,tech,Ball Corporation,,BLL
460.1,-4.1,132141,31231,12417,455.8,-2.7,tech,Bank of America Corporation,,BAC
134.7,20.8,38097,14912,1922,148.6,3.8,tech,Baxter International Inc.,,BAX
490,3.7,21263,11086,4631,482.8,1.9,tech,BB&T Corporation,,BBT
444,-9.4,14440,6329,2405,433.8,-17.1,tech,Bed Bath & Beyond Inc.,,BBBY
272.4,45.7,259564,96365,22584,271.5,-13.1,tech,Berkshire Hathaway Inc.,,BRK.A
380.7,-42.8,45875,8132,2623,371,0,tech,Biogen Idec Inc.,,BIIB
168.4,-32.9,6351,2664,424,177.3,2.8,tech,BMC Software Inc.,,BMC
344.5,8.1,8425,2467,691,327.2,6,tech,BorgWarner Inc.,,BWA
733.4,-11.5,10546,-8436,886,749.9,0,tech,Boston Scientific Corporation,,BSX
150.5,22.4,66915,28293,4460,181.3,-10,tech,Bristol-Myers Squibb Company,,BMY
32.4,0.7,19096,3223,96,34.9,0,tech,Broadcom Corp.,,BRCM
361.4,-1.2,15070,4131,1288,354.9,18.3,tech,Brown-Forman Corporation,,BF.B
409,-59.3,11079,5693,1992,401.9,-2.5,tech,CA Technologies,,CA
197.6,41.1,3826,810,132,191.9,3.6,tech,Cablevision Systems Corporation,,CVC
47.6,17.1,14410,1488,60,46.2,0,tech,Cabot Oil & Gas Corporation,,COG
292.5,67.7,15476,4505,1149,293.6,0,tech,Cameron International Corporation,,CAM
342.2,17.9,14197,6633,1967,340.3,14.8,tech,Campbell Soup Company,,CPB
352.3,34.4,31996,19740,6041,351.2,-5.7,tech,Capital One Financial Corp.,,COF
174,35.9,7678,2237,348,179.1,0,tech,CareFusion Corporation,,CFN
441.8,16.6,9670,2439,918,431.5,11.5,tech,CarMax Inc.,,KMX
4.7,5.6,26166,11794,74,7.4,0,tech,Carnival Corporation,,CCL
241.3,-26.5,55148,28835,6032,239.3,-9.1,tech,Caterpillar Inc.,,CAT
748.5,-15.6,29349,-4162,1724,751.6,-6.6,tech,CBS Corporation,,CBS
249.7,-13.4,48876,3720,784,244.7,-16.4,tech,Celgene Corporation,,CELG
282.8,-27.7,16088,2198,554,288,-3.6,tech,Cerner Corporation,,CERN
390.5,-48.4,9523,3966,1335,386.1,2.4,tech,CH Robinson Worldwide Inc.,,CHRW
757.4,17.6,12747,-1160,86,749.9,-1.3,tech,Chesapeake Energy Corporation,,CHK
461,35.7,228869,219880,85464,453.4,-11,tech,Chevron Corporation,,CVX
306.8,-17.7,18722,10069,2655,303.9,-4.3,tech,Cigna Corp.,,CI
289.7,84.4,7804,3551,873,282.5,0,medicine,Cincinnati Financial Corp.,,CINF
431.9,-36.7,5431,2633,959,421.5,-7.6,medicine,Cintas Corporation,,CTAS
393.2,4.8,2998,3855,1291,385.1,0,medicine,Cliffs Natural Resources Inc.,,CLF
492.7,21.5,20098,9133,3915,493.2,-0.1,medicine,CME Group Inc.,,CME
48.1,-21,7535,2276,94,48.6,-4,medicine,CMS Energy Corp.,,CMS
266.5,-3.9,10155,4452,1026,267.4,-7.2,medicine,Coca-Cola Enterprises Inc.,,CCE
229.9,-33.5,22562,5002,1024,229.5,24.5,medicine,Cognizant Technology Solutions Corporation,,CTSH
350,-15.9,54989,20199,6017,343.3,-13.7,medicine,Colgate-Palmolive Co.,,CL
285.6,14.7,108363,39433,10034,281.5,-1.9,medicine,Comcast Corporation,,CMCS.A
486,26.6,6493,2699,1121,482.1,10.5,medicine,Comerica Incorporated,,CMA
695.6,-21,7318,131,1827,695.1,-0.1,medicine,Computer Sciences Corporation,,CSC
690.2,20.4,72417,78775,58208,689,6.6,medicine,ConocoPhillips,,COP
212.4,60.3,7595,3696,714,219.6,-10.7,medicine,CONSOL Energy Inc.,,CNX
53.1,-14.2,18006,9045,418,55,1.5,medicine,Consolidated Edison Inc.,,ED
607.5,-8.7,8921,1332,705,607.2,-9.1,medicine,Constellation Brands Inc.,,STZ
94.8,-24.7,19663,16262,1344,94.9,0,medicine,Corning Inc.,,GLW
389.1,27.3,46709,12652,4301,392.5,0.4,medicine,Costco Wholesale Corporation,,COST
493.3,-32.2,6503,4369,1821,479.4,0,medicine,Coventry Health Care Inc.,,CVH
316.6,-21,31698,10426,2858,315.3,-5.6,medicine,Covidien plc,,COV
340.8,-22.6,8251,3765,1051,324.5,-1.9,medicine,CR Bard Inc.,,BCR
764.3,-19.5,20974,-718,18,754.6,0,medicine,Crown Castle International Corp.,,CCI
141.9,1.2,24466,14424,1998,159.3,0,medicine,CSX Corp.,,CSX
274.3,-33.3,21408,9546,2306,284.3,13.1,medicine,Cummins Inc.,,CMI
440.3,3.7,69489,33466,12818,440.4,-5.3,medicine,CVS Caremark Corporation,,CVS
153.5,6.6,42076,12401,1951,178.4,-17.4,medicine,Danaher Corp.,,DHR
290.1,-12.2,13267,4748,1206,291.1,5,medicine,DaVita HealthCare Partners Inc.,,DVA
757.2,-16.5,3309,-907,365,758.5,-1.4,medicine,Dean Foods Company,,DF
336.7,-52,33689,19201,5378,324.7,11.8,medicine,Deere & Company,,DE
198.1,-68.9,24832,20110,3496,200.2,-25.4,medicine,Dell Inc.,,DELL
102.3,9.2,13397,13835,1265,107.1,-0.1,medicine,Delphi Automotive PLC,,DLPH
62,25,6710,3155,166,62.7,0.4,medicine,Denbury Resources Inc.,,DNR
226.5,17.4,5886,2019,414,237.5,0,medicine,DENTSPLY International Inc.,,XRAY
702.3,12.1,22103,2182,2764,698.3,-4.7,medicine,Devon Energy Corporation,,DVN
286.7,-2.8,31807,18633,4751,279.8,-19.3,medicine,DIRECTV,,DTV
388.6,10,21654,13837,4492,377.2,-7,medicine,Discover Financial Services,,DFS
398.4,-0.1,16479,3174,1043,383.6,19.3,medicine,Dollar General Corporation,,DG
262.9,-63.1,12741,5314,1251,271.8,-13.4,medicine,Dover Corporation,,DOV
736.2,-4.6,7545,-3785,-736,742.2,-4.5,medicine,DR Horton Inc.,,DHI
68.5,-24.6,12025,5669,346,69.9,-2.8,medicine,DTE Energy Company,,DTE
37.5,-16.8,51507,13084,432,37.2,-3.1,medicine,Duke Energy Corporation,,DUK
223.4,-34.1,3352,2439,476,226,-8.4,medicine,Dun & Bradstreet Corp.,,DNB
735.5,1.1,2890,-5238,-352,736.6,-9.7,medicine,E*TRADE Financial Corporation,,ETFC
210.3,32.1,44851,18474,3464,215.7,0,medicine,E. I. du Pont de Nemours and Company,,DD
292.1,48.8,10520,3335,815,280.3,7.1,medicine,Eastman Chemical Co.,,EMN
183.8,-4.1,28514,6338,1036,191.6,-15.9,medicine,Eaton Corporation plc,,ETN
213.5,-40.2,72362,14906,2880,225.5,10.4,medicine,eBay Inc.,,EBAY
272.4,23.4,23661,4329,1061,284.1,-1.7,medicine,Ecolab Inc.,,ECL
128.4,-38.2,16607,9301,1180,148.1,0,medicine,Edison International,,EIX
119.5,10.6,9267,1562,171,125.8,0,medicine,Edwards Lifesciences Corp.,,EW
737.9,-27.5,5182,-2191,94,749,8.5,medicine,Electronic Arts Inc.,,EA
205.7,-2.6,62141,25210,4894,219.4,-8.3,medicine,Eli Lilly and Company,,LLY
126.6,-3.5,48586,14598,1681,132.8,1.3,medicine,EMC Corporation,,EMC
384,-57.1,40429,18813,6070,372.5,1.8,medicine,Emerson Electric Co.,,EMR
205.9,54.7,13677,6154,1079,203.7,4.6,medicine,Ensco plc,,ESV
78.8,-19.2,12109,9714,636,76.5,2.4,medicine,Entergy Corporation,,ETR
-4.6,9,10427,2482,-125,-1.1,-3.3,medicine,EQT Corporation,,EQT
424.7,-32.8,6862,2359,845,411.4,14.1,medicine,Equifax Inc.,,EFX
-4.7,-0.1,18880,193,0,-0.9,-1.5,medicine,Equity Residential,,EQR
185.8,-60.7,30312,22600,3809,193.8,0,medicine,Exelon Corporation,,EXC
743.7,17.3,8521,-520,566,749.8,0,medicine,Expedia Inc.,,EXPE
428,-41.8,7535,3105,1123,416.1,-11.4,medicine,Expeditors International of Washington Inc.,,EXPD
417.8,-24.3,46959,9587,3353,404.3,-6.8,medicine,Express Scripts Holding Company,,ESRX
424.5,33.9,396968,394595,146254,422.7,8.7,medicine,Exxon Mobil Corporation,,XOM
376.9,1.9,6878,3040,978,366.7,16.6,medicine,Family Dollar Stores Inc.,,FDO
429.9,-20.9,14918,2806,1057,433.6,2.3,medicine,Fastenal Company,,FAST
265.2,-40.3,30182,13208,3076,265.7,6.3,medicine,FedEx Corporation,,FDX
411.2,5,14170,4621,1624,404.5,0.1,medicine,Fifth Third Bancorp,,FITB
761.2,12.2,2508,-929,182,748.2,8.3,medicine,First Horizon National Corporation,,FHN
126.5,-27,18569,9298,1162,147.5,-9.8,medicine,FirstEnergy Corp.,,FE
258.5,-34,7771,3269,775,267.9,15.8,medicine,Flowserve Corp.,,FLS
352.3,-37.7,10169,5233,1628,354,-7.4,medicine,Fluor Corporation,,FLR
103.7,19.2,7854,2491,213,98.2,0,medicine,FMC Corp.,,FMC
35.9,13.1,50216,7397,251,38.5,-1.5,medicine,Ford Motor Co.,,F
212.2,7.7,9983,6416,1186,212.2,2,medicine,Forest Laboratories Inc.,,FRX
314,64.9,31767,13374,3711,316.1,9.7,medicine,Franklin Resources Inc.,,BEN
689.8,-3.9,30791,21531,14211,689.9,1.6,medicine,Freeport-McMoRan Copper & Gold Inc.,,FCX
124.7,6.8,4070,1574,185,134.9,0,medicine,Frontier Communications Corporation,,FTR
309.6,72.8,3566,3088,847,315,-4.9,medicine,GameStop Corp.,,GME
125.8,13.6,6603,4487,501,128.5,0,medicine,Garmin Ltd.,,GRMN
371.8,-62,24456,18213,5758,363.6,-7.3,medicine,General Dynamics Corp.,,GD
174.8,16.3,239776,109012,17511,184.4,5.2,medicine,General Electric Company,,GE
444.1,-27.3,12061,4901,1858,437.3,4,medicine,Genuine Parts Company,,GPC
689.6,32.6,4798,737,1191,689.9,0,medicine,Genworth Financial Inc.,,GNW
266.2,-16.4,71932,19562,4659,273.9,0,medicine,Gilead Sciences Inc.,,GILD
674.9,-14,3052,1340,1232,690,2.5,medicine,Goodyear Tire & Rubber Co.,,GT
187.6,-37.9,255440,56416,9683,196.2,-3.4,medicine,Google Inc.,,GOOG
193.6,27,23219,7523,1307,199.4,-0.1,medicine,H. J. Heinz Company,,HNZ
332,75.5,35759,19904,5670,329,7,medicine,Halliburton Company,,HAL
402.2,-61.6,5049,4295,1480,395.7,0.8,medicine,Harris Corporation,,HRS
219.1,34.3,5568,2881,563,224.2,5.5,medicine,Hasbro Inc.,,HAS
591.3,9.4,24530,19554,10079,592.6,0,medicine,Hess Corporation,,HES
198.3,-16.6,42632,37088,6912,210.1,16.1,medicine,Hewlett-Packard Company,,HPQ
250.8,-42.8,57554,14780,3222,251.9,1.6,medicine,Honeywell International Inc.,,HON
396.5,-8.4,10674,3560,1195,391.7,2.2,medicine,Hormel Foods Corporation,,HRL
190.7,10.4,5057,1383,248,205.8,-0.4,medicine,Hospira Inc.,,HSP
85.8,5,12841,554,43,90.4,-7.1,medicine,Host Hotels & Resorts Inc.,,HST
459.2,-35.9,12327,9779,3822,449.3,0,medicine,Humana Inc.,,HUM
765,6.7,6200,-2067,27,761.1,5.2,medicine,Huntington Bancshares Incorporated,,HBAN
356.1,-46.5,27946,14434,4495,356.7,2.2,medicine,Illinois Tool Works Inc.,,ITW
701.1,-14.9,16270,1746,2158,689.8,-1.6,medicine,Ingersoll-Rand Plc,,IR
319.9,-74.5,104416,71255,19607,317.2,-6.5,medicine,Intel Corporation,,INTC
164.1,-14.1,233289,111970,16861,175.5,21.9,medicine,International Business Machines Corporation,I.B.M.,IBM
295.7,53.4,6027,2068,512,287.4,6.5,medicine,International Flavors & Fragrances Inc.,,IFF
423.4,-8.4,4289,2671,961,416.1,4.1,medicine,International Game Technology,,IGT
111.1,14.3,20919,5316,560,121.4,0,medicine,International Paper Company,,IP
345.5,-77.7,18921,5042,1457,333.1,-3.9,medicine,Intuit Inc.,,INTU
285.3,62.5,12681,4860,1242,292.3,0.7,medicine,Invesco Ltd.,,IVZ
437,-24.6,6929,1779,681,440.9,-0.8,medicine,Iron Mountain Inc.,,IRM
699.1,-26.1,3670,484,426,695,-6.2,medicine,Jabil Circuit Inc.,,JBL
394.1,-54.5,7036,3233,1106,391.1,-2.8,medicine,Jacobs Engineering Group Inc.,,JEC
744.8,-32.8,3069,-1027,42,745.5,4.2,medicine,JDS Uniphase Corporation,,JDSU
230,-0.7,226868,89050,18449,238.9,6.4,medicine,Johnson & Johnson,,JNJ
369.3,-8.1,22781,7501,2364,360.7,10,medicine,Johnson Controls Inc.,,JCI
328.7,50.4,184773,122170,35136,330.4,-5.2,medicine,JPMorgan Chase & Co.,,JPM
336.1,10.6,23301,9159,2554,319.4,1.2,medicine,Kellogg Company,,K
699,0.1,9056,1329,1988,693.6,-1.2,medicine,KeyCorp,,KEY
261.4,5.8,38468,15354,3472,262.8,2.6,medicine,Kimberly-Clark Corporation,,KMB
54.4,12.2,9395,1114,57,58.7,3.9,medicine,Kimco Realty Corporation,,KIM
264.6,-78.9,8638,3010,705,269.4,-16.6,medicine,KLA-Tencor Corporation,,KLAC
397.8,8.5,10661,10100,3456,399.4,-8.9,medicine,Kohl's Corp.,,KSS
275.7,-24.8,7381,7568,1796,273.7,19.6,medicine,L-3 Communications Holdings Inc.,,LLL
402,-40.7,8635,5199,1759,389.7,-5,medicine,Laboratory Corp. of America Holdings,,LH
115.8,-4.4,6697,2597,277,123,-3.8,medicine,Lam Research Corporation,,LRCX
730.3,1.4,4053,-709,-264,738.1,2.1,medicine,Legg Mason Inc.,,LM
729.2,-4.8,7494,-3990,-1207,744.5,8.8,medicine,Lennar Corp.,,LEN
56.2,4.7,10167,1835,96,60.2,-3.7,medicine,Leucadia National Corporation,,LUK
552.6,-1.7,11168,1898,911,551.6,0,medicine,Life Technologies Corporation,,LIFE
109.7,23.1,8472,4223,387,105.3,0,medicine,Lincoln National Corporation,,LNC
264.9,-70.7,8342,3198,767,274.5,12.3,medicine,Linear Technology Corporation,,LLTC
263.7,-52.6,30435,24657,5769,264.3,-6.1,medicine,Lockheed Martin Corporation,,LMT
259.7,86.7,17171,12038,2668,254.8,0,medicine,Loews Corporation,,L
452.6,14.1,42430,21974,8555,448.6,8.8,medicine,Lowe's Companies Inc.,,LOW
757.5,-31.4,3547,-2933,133,754,-5.9,medicine,LSI Corporation,,LSI
354.3,21.5,33833,4861,1423,337.2,-0.8,medicine,LyondellBasell Industries NV,,LYB
297.8,60.4,13014,6093,1586,300.8,-0.7,medicine,M&T Bank Corporation,,MTB
669,6,23252,30679,17902,671,0,medicine,Marathon Oil Corporation,,MRO
127,32.5,27580,15976,1860,133.8,7,medicine,Marathon Petroleum Corporation,,MPC
762.5,-28.1,6994,-624,652,750.1,-5.3,medicine,Masco Corporation,,MAS
357.3,-61.4,65605,12941,3986,354.4,0.1,medicine,Mastercard Incorporated,,MA
329,25.2,101783,39309,10627,321.1,18.8,medicine,McDonald's Corp.,,MCD
133,8.3,24905,9236,1114,137.4,-2,medicine,McKesson Corporation,,MCK
362.4,-15.8,15517,4064,1242,355.8,-15.2,medicine,Mead Johnson Nutrition Company,,MJN
152.1,60.6,6419,1680,247,168.9,0,medicine,MeadWestvaco Corporation,,MWV
330,-34.4,137457,46439,12893,319.3,0,medicine,Merck & Co. Inc.,,MRK
86.3,-15.7,6974,2061,154,85.8,4,medicine,Microchip Technology Inc.,,MCHP
751.1,-31.8,9595,-2581,204,747.5,-6,medicine,Micron Technology Inc.,,MU
245.3,-73.9,239477,139087,30100,251,-9.1,medicine,Microsoft Corporation,,MSFT
415.2,-53.8,4604,1312,464,408.1,0.8,medicine,Molex Incorporated,,MOLX
97.3,15.6,9170,3918,336,99,0.3,medicine,Molson Coors Brewing Company,,TAP
258.9,20.7,56160,14024,3305,270.4,-0.1,medicine,Monsanto Company,,MON
459.5,-28.1,8610,2105,832,454,-3.9,medicine,Monster Beverage Corporation,,MNST
382.8,17.4,11803,5076,1653,377.5,5.4,medicine,Moody's Corp.,,MCO
479.5,-3.5,42628,16718,6803,471.8,8.2,medicine,Morgan Stanley,,MS
400.7,41.8,12145,9684,3271,388.7,0,medicine,Murphy Oil Corporation,,MUR
381.1,63.1,4595,2885,920,364,-0.8,medicine,Nabors Industries Ltd.,,NBR
271.4,0.2,7234,2077,481,269.4,10.6,medicine,Newell Rubbermaid Inc.,,NWL
737.6,23.7,2974,-445,459,750.3,5.5,medicine,Newfield Exploration Co.,,NFX
513,20.5,19378,12721,5532,500.1,0,medicine,Newmont Mining Corporation,,NEM
480.8,-30.9,73032,16800,6919,473.8,0.5,medicine,News Corp.,,NWSA
304,10.3,53572,15004,3995,300.5,-1.9,medicine,Nike Inc.,,NKE
134,-31.8,9392,2904,366,150.2,8.3,medicine,NiSource Inc.,,NI
197.1,73.7,9565,7473,1276,195.9,7.4,medicine,Noble Corp.,,NE
463.2,11.7,10825,5733,2286,454.1,-9.6,medicine,Nordstrom Inc.,,JWN
254.8,-25.9,23700,14652,3108,245.8,14.1,medicine,Norfolk Southern Corp.,,NSC
176,-55.6,13787,3227,490,174.5,0,medicine,Northeast Utilities,,NU
310.4,52.5,13053,6458,1778,312.4,-0.4,medicine,Northern Trust Corporation,,NTRS
538.4,-0.7,16888,12570,5854,535.7,0,medicine,Northrop Grumman Corporation,,NOC
369.7,1.8,13963,7609,2432,367.5,0,medicine,Nucor Corporation,,NUE
47.2,-1.9,7683,2205,98,51.9,0,medicine,NVIDIA Corporation,,NVDA
323.9,68.1,11569,3554,980,317.1,1.5,medicine,O'Reilly Automotive Inc.,,ORLY
396.8,61,65354,52331,17100,375.6,0.5,medicine,Occidental Petroleum Corporation,,OXY
255.3,32.5,15543,9180,1965,247.9,16.7,medicine,Omnicom Group Inc.,,OMC
23.6,-1.3,10022,4846,120,27.2,9.7,medicine,ONEOK Inc.,,OKE
280.9,-75.4,152437,54270,13204,279.8,-3.5,medicine,Oracle Corporation,,ORCL
271.8,-60.2,17049,7199,1747,280.6,-16.4,medicine,PACCAR Inc.,,PCAR
397.8,-47.1,7439,1865,640,395,2.9,medicine,Pall Corporation,,PLL
265.2,-29.9,13409,6922,1671,274.7,11.8,medicine,Parker-Hannifin Corporation,,PH
225.9,48.9,5484,4486,883,226,-12.3,medicine,Peabody Energy Corp.,,BTU
456.6,-43.8,10811,985,391,456.6,0,medicine,Pentair Ltd.,,PNR
376.5,-4.5,4363,1344,432,369.6,-10.1,medicine,People's United Financial Inc.,,PBCT
428.1,-10.3,3807,634,242,439.7,0,medicine,PerkinElmer Inc.,,PKI
213.8,-11.9,11156,1743,360,233.5,-12.7,medicine,Perrigo Co.,,PRGO
499.1,-14.6,209533,63501,27312,494.7,0,medicine,Pfizer Inc.,,PFE
15.2,-17.3,19237,8817,129,15.7,-5.8,medicine,PG&E Corp.,,PCG
194.5,54.2,39455,19535,3331,195.5,-3.4,medicine,Phillips 66,,PSX
63.4,-17.9,6448,2922,166,64.5,2.5,medicine,Pinnacle West Capital Corporation,,PNW
80.3,24.8,16066,2129,148,80.2,0,medicine,Pioneer Natural Resources Co.,,PXD
314.3,-62.8,2966,3714,1023,313.6,-12.4,medicine,Pitney Bowes Inc.,,PBI
340.8,35.7,18777,7134,2026,325.6,0.3,medicine,PPG Industries Inc.,,PPG
124.4,-17.1,18462,8614,1002,131.1,6.7,medicine,PPL Corporation,,PPL
227.2,39.2,32988,11521,2391,238.2,0.9,medicine,Praxair Inc.,,PX
306.4,-58,26794,8676,2263,299.8,0,medicine,Precision Castparts Corp.,,PCP
216.3,51,34737,4716,897,218.8,0,medicine,priceline.com Incorporated,,PCLN
180.8,59.3,9873,4918,818,187.7,-2.8,medicine,Principal Financial Group Inc.,,PFG
304.1,33.6,215227,86212,22378,295.1,20.8,medicine,Procter & Gamble Co.,,PG
406,51.1,15460,7398,2504,389.2,0,leadership,Progressive Corp.,,PGR
335.7,-75.5,17476,13842,3966,329.5,0,leadership,Public Service Enterprise Group Inc.,,PEG
348.7,13,8759,1340,405,344.2,7.6,leadership,PVH Corp.,,PVH
213.5,-61.6,113156,26597,5180,223.4,-10.1,leadership,QUALCOMM Incorporated,Qualcomm Incorporated,QCOM
386.9,-33.4,9005,6310,2050,373.2,0,leadership,Quest Diagnostics Inc.,,DGX
344.4,26.6,15385,4420,1265,335.5,7,leadership,Ralph Lauren Corporation,,RL
-0.2,16.1,12853,1123,4,4.7,2.7,leadership,Range Resources Corporation,,RRC
206.4,-26.7,19010,15576,2992,218.3,-7.7,leadership,Raytheon Co.,,RTN
734.4,7.5,11364,-4184,483,741.8,7.7,leadership,Regions Financial Corporation,,RF
415.5,-11.4,24706,12067,4262,406.5,-3.4,leadership,Reynolds American Inc.,,RAI
446.5,-46.4,4993,1686,631,432.1,-5.2,leadership,Robert Half International Inc.,,RHI
347.4,-52,12176,4249,1195,326.6,-7.7,leadership,Rockwell Automation Inc.,,ROK
231.9,-19.7,8616,5162,1066,238.3,8.7,leadership,Rockwell Collins Inc.,,COL
344.3,-59.8,12194,2886,798,320.2,-13.2,leadership,Roper Industries Inc.,,ROP
401.2,24.7,13052,3987,1381,402.6,6.6,leadership,Ross Stores Inc.,,ROST
399.1,49.7,4153,2514,834,384.9,-6.4,leadership,Rowan Companies plc,,RDC
500.9,23.1,6072,4547,1971,498.4,0,leadership,Safeway Inc.,,SWY
590.9,-9.3,13444,2465,1272,593.4,0,leadership,SanDisk Corp.,,SNDK
171.8,-62.3,7246,3202,450,161.7,0,leadership,SCANA Corp.,,SCG
225.9,65.3,99773,35973,7093,226.9,1.5,leadership,Schlumberger Limited,,SLB
25.3,7,12912,4095,94,25.5,0,leadership,Seagate Technology Public Limited Company,,STX
765,0.7,4354,-322,710,749.9,0,leadership,Sealed Air Corporation,,SEE
138,-9,20001,8228,1011,141.3,7.4,leadership,Sempra Energy,,SRE
302.2,52.5,9129,3257,860,303.5,0,leadership,Sigma-Aldrich Corporation,,SIAL
674.4,-1.5,9026,3732,2746,690,5.4,leadership,SLM Corporation,,SLM
309.4,-65.2,4819,2015,545,308.4,-10.9,leadership,Snap-on Inc.,,SNA
137.4,-21.4,41267,17872,2157,136.8,-4,leadership,Southern Company,,SO
208.4,-17.9,9337,3253,557,200.4,-6.8,leadership,Southwest Airlines Co.,,LUV
56,20.2,13097,1764,85,55.1,-0.2,leadership,Southwestern Energy Co.,,SWN
160.1,63.6,20289,9066,1333,168.7,-1.8,leadership,Spectra Energy Corp.,,SE
737.9,-19.4,18968,-47436,-24,744.3,0,leadership,Sprint Nextel Corp.,,S
258.6,-5.6,11873,5580,1226,250.9,-3.1,leadership,St. Jude Medical Inc.,,STJ
342.2,-2.5,43549,7379,2058,330.9,-4.2,leadership,Starbucks Corporation,,SBUX
93.8,7.9,12007,2119,172,91,-0.1,leadership,Starwood Hotels & Resorts Worldwide Inc.,,HOT
205.5,44.5,26415,14658,2703,212.3,0,leadership,State Street Corporation,,STT
360.9,-34.5,24656,9694,3048,361.6,-3.9,leadership,Stryker Corporation,,SYK
755.3,-24.2,16713,-2354,1592,752.2,1.3,leadership,Symantec Corporation,,SYMC
512.6,0.8,20017,10644,4652,506.4,-1.3,leadership,Sysco Corporation,,SYY
386.6,-2.6,44422,25481,8364,381.5,7.3,leadership,Target Corp.,,TGT
692,-28.6,17340,2585,1671,687.8,-4.1,leadership,TE Connectivity Ltd.,,TEL
-0.4,-6.8,4589,819,-126,0,0,leadership,Tenet Healthcare Corp.,,THC
118.1,-11.1,8798,2467,277,127.8,-8.9,leadership,Teradata Corporation,,TDC
219.6,-50.2,2965,430,86,232,0.7,leadership,Teradyne Inc.,,TER
268.6,74.3,7416,3238,776,277.3,0,leadership,Tesoro Corporation,,TSO
293.6,-57.5,38808,17631,4379,288.3,14.6,leadership,Texas Instruments Inc.,,TXN
345.4,-34.5,7889,2978,888,343,0,leadership,Textron Inc.,,TXT
395.5,-61.6,9389,11225,3886,398.3,0,leadership,The AES Corporation,,AES
178.2,68.5,23925,10241,1595,178.7,0.3,leadership,The Allstate Corporation,,ALL
597.7,-0.9,31942,13566,7025,595.3,0,leadership,The Bank of New York Mellon Corporation,,BK
78.7,-6.1,65597,27654,1939,80.5,0,leadership,The Boeing Company,,BA
478.6,-16.1,21524,8778,3636,474,-4.2,leadership,The Charles Schwab Corporation,,SCHW
295.6,77.5,23062,16489,4169,290.5,5.4,leadership,The Chubb Corporation,,CB
466.8,-32.4,11441,4304,1734,461.7,-5.3,leadership,The Clorox Company,,CLX
158.3,44.2,182102,61845,9431,175.4,-0.1,leadership,The Coca-Cola Company,,KO
467.7,-21.5,37065,14006,5625,461.7,0,leadership,The Dow Chemical Company,,DOW
367.5,-44.6,24896,4773,1513,369.7,-21.5,leadership,The Est√©e Lauder Companies Inc.,,
447.1,-18.5,19103,4291,1674,448.8,3.2,leadership,The Hershey Company,,HSY
400.1,-15.7,10543,3041,1034,395.5,-4.8,leadership,The J. M. Smucker Company,,SJM
395.9,17,16605,8769,2986,391.2,-11.9,leadership,The Kroger Co.,,KR
248.4,39.9,25085,13447,2904,249,-4.8,leadership,The Mosaic Company,,MOS
251.3,49.5,17135,4577,1000,251.8,5.4,leadership,The Sherwin-Williams Company,,SHW
374.8,-25.2,106196,44715,14314,367.7,-4.9,leadership,The Walt Disney Company,,DIS
368.6,-37.3,3258,1876,598,362.6,-17.4,leadership,The Washington Post Company,,WPO
228.3,-63.7,8219,7181,1501,237,4.9,leadership,The Western Union Company,,WU
446.2,22.8,9014,2999,1143,437.7,7.2,leadership,Tiffany & Co.,,TIF
764.8,-8.2,28176,-1138,1135,753.3,5.5,leadership,Time Warner Cable Inc.,,TWC
300.8,-5.6,54545,14413,3684,293.9,-16.6,leadership,Time Warner Inc.,,TWX
241.6,84.1,5450,4243,892,241.8,0,leadership,Torchmark Corp.,,TMK
378.2,26.9,6957,1064,358,384,-15.9,leadership,TripAdvisor Inc.,,TRIP
745.3,-25.8,14526,-1525,1814,750.1,2.6,leadership,Tyco International Ltd.,,TYC
237.7,49.9,62798,31572,6575,238.7,-2.6,leadership,U.S. Bancorp,,USB
219.9,-23.3,65395,25649,5103,227.3,2.9,leadership,Union Pacific Corporation,,UNP
196.2,45,2486,3763,622,190.7,4.1,leadership,United States Steel Corp.,,X
279.6,-47.7,86050,39589,9552,279.9,-1.5,leadership,United Technologies Corp.,,UTX
402,-28.3,63433,41701,14337,394.7,6.3,leadership,UnitedHealth Group Incorporated,,UNH
327,84.3,7075,6016,1702,325.3,0,leadership,Unum Group,,UNM
403.7,5.3,5949,1765,618,402.9,-2.3,leadership,Urban Outfitters Inc.,,URBN
296.6,-18.2,18862,5746,1513,300.6,-27.9,leadership,V.F. Corporation,,VFC
95.5,24.8,23339,14930,1225,94.5,0,leadership,Valero Energy Corporation,,VLO
100.1,-7.7,141285,62772,5398,99.1,0,leadership,Verizon Communications Inc.,,VZ
525.1,-9.8,109944,16450,7342,513.3,0,leadership,Visa Inc.,,V
65.3,-3.5,16418,2417,152,72.6,0,leadership,Vornado Realty Trust,,VNO
701.6,-6.5,6358,257,174,690.3,-7.9,leadership,Vulcan Materials Company,,VMC
363.5,54.5,254473,130047,39832,351.8,0,leadership,Wal-Mart Stores Inc.,,WMT
389.7,45.7,45157,20826,6925,379.2,7.3,leadership,Walgreen Co.,,WAG
109.2,5.6,7968,2517,243,111.3,0,leadership,Waters Corp.,,WAT
393.1,-39.7,20444,27961,9356,382.3,0,leadership,WellPoint Inc.,,WLP
251.1,69.1,195238,104261,23401,255.3,13.9,leadership,Wells Fargo & Company,,WFC
15.8,-4.9,12089,5982,63,12.2,0,leadership,Western Digital Corporation,,WDC
768.1,14.2,17133,-3283,971,755.1,10.5,leadership,Weyerhaeuser Co.,,WY
217.2,40.6,8995,2441,510,238.3,15.1,leadership,Whirlpool Corp.,,WHR
149.6,-2.8,4979,3582,509,163.6,0,leadership,Windstream Corporation,,WIN
57.5,-21.9,9879,4047,217,61.9,-4.2,leadership,Wisconsin Energy Corp.,,WEC
359.4,-9.3,8659,2102,640,353.2,-7.4,leadership,Wyndham Worldwide Corporation,,WYN
47.3,8.3,12380,2299,90,48,5.9,leadership,Wynn Resorts Ltd.,,WYNN
6.8,-4.6,14844,6765,51,8.9,7.7,leadership,Xcel Energy Inc.,,XEL
113.7,-17.4,10574,6374,656,115.7,-2.9,leadership,Xerox Corporation,,XRX
85.9,-23,9610,3149,231,83.9,-2.9,leadership,Xilinx Inc.,,XLNX
758.4,33.6,9144,-376,662,750.4,12.5,leadership,XL Group plc,,XL
283.9,-60,5186,1748,424,287.2,-12.2,leadership,Xylem Inc.,,XYL
332.7,-63.8,25858,10170,2812,319,10.1,leadership,Yahoo! Inc.,,YHOO
763.9,20.6,4443,-541,390,754,18.1,leadership,Zions Bancorp.,,ZION
